<?xml version="1.0" encoding="UTF-8"?>
<project-private xmlns="http://www.netbeans.org/ns/project-private/1">
    <editor-bookmarks xmlns="http://www.netbeans.org/ns/editor-bookmarks/2" lastBookmarkId="0"/>
    <open-files xmlns="http://www.netbeans.org/ns/projectui-open-files/2">
        <group>
            <file>file:/H:/SEMESTER%202/5JAW/Session03/excercises%20done%20properly/web/ChangePassword.html</file>
            <file>file:/H:/SEMESTER%202/5JAW/Session03/excercises%20done%20properly/src/java/NewServlet.java</file>
            <file>file:/H:/SEMESTER%202/5JAW/Session03/excercises%20done%20properly/src/java/s3/CookieServlet1.java</file>
            <file>file:/H:/SEMESTER%202/5JAW/Session03/excercises%20done%20properly/src/java/s3/CounterServlet.java</file>
            <file>file:/H:/SEMESTER%202/5JAW/Session03/excercises%20done%20properly/src/java/s3/PasswordController.java</file>
            <file>file:/H:/SEMESTER%202/5JAW/Session03/excercises%20done%20properly/web/Cookie.html</file>
            <file>file:/H:/SEMESTER%202/5JAW/Session03/excercises%20done%20properly/src/java/s3/PasswordMaintenance.java</file>
            <file>file:/H:/SEMESTER%202/5JAW/Session03/excercises%20done%20properly/web/Login.html</file>
            <file>file:/H:/SEMESTER%202/5JAW/Session03/excercises%20done%20properly/web/Welcome.html</file>
        </group>
    </open-files>
</project-private>
