<?xml version="1.0" encoding="UTF-8"?>
<project-private xmlns="http://www.netbeans.org/ns/project-private/1">
    <editor-bookmarks xmlns="http://www.netbeans.org/ns/editor-bookmarks/2" lastBookmarkId="0"/>
    <open-files xmlns="http://www.netbeans.org/ns/projectui-open-files/2">
        <group>
            <file>file:/H:/SEMESTER%202/5JAW/Session2/lab07/src/java/Servlets/ProgrammerServlet.java</file>
            <file>file:/H:/SEMESTER%202/5JAW/Session2/lab07/web/index.html</file>
            <file>file:/H:/SEMESTER%202/5JAW/Session2/lab07/src/java/Classes/Programmer.java</file>
        </group>
    </open-files>
</project-private>
