<?xml version="1.0" encoding="UTF-8"?><?xml-stylesheet type='text/xsl' href='_UpgradeReport_Files/UpgradeReport.xslt'?><UpgradeLog>
<Properties><Property Name="Solution" Value="ABC Ed Services">
</Property><Property Name="Solution File" Value="H:\Archive B Drive\TAfe s2 2008 archive\5MLC\Assessments\Prac Test 1\Prac Test 1 Student files\ABC C# Solution\ABC Ed Services\ABC Ed Services.sln">
</Property><Property Name="User Options File" Value="H:\Archive B Drive\TAfe s2 2008 archive\5MLC\Assessments\Prac Test 1\Prac Test 1 Student files\ABC C# Solution\ABC Ed Services\ABC Ed Services.suo">
</Property><Property Name="Date" Value="Saturday, 19 June 2010">
</Property><Property Name="Time" Value="14:30 PM">
</Property></Properties><Event ErrorLevel="0" Project="" Source="ABC Ed Services.sln" Description="File successfully backed up as H:\Archive B Drive\TAfe s2 2008 archive\5MLC\Assessments\Prac Test 1\Prac Test 1 Student files\ABC C# Solution\ABC Ed Services\Backup\ABC Ed Services.sln">
</Event><Event ErrorLevel="0" Project="" Source="ABC Ed Services.suo" Description="File successfully backed up as H:\Archive B Drive\TAfe s2 2008 archive\5MLC\Assessments\Prac Test 1\Prac Test 1 Student files\ABC C# Solution\ABC Ed Services\Backup\ABC Ed Services.suo">
</Event><Event ErrorLevel="0" Project="ABC Ed Services" Source="ABC Ed Services.csproj" Description="Project file successfully backed up as H:\Archive B Drive\TAfe s2 2008 archive\5MLC\Assessments\Prac Test 1\Prac Test 1 Student files\ABC C# Solution\ABC Ed Services\Backup\ABC Ed Services.csproj">
</Event><Event ErrorLevel="0" Project="ABC Ed Services" Source="Form1.cs" Description="File successfully backed up as H:\Archive B Drive\TAfe s2 2008 archive\5MLC\Assessments\Prac Test 1\Prac Test 1 Student files\ABC C# Solution\ABC Ed Services\Backup\Form1.cs">
</Event><Event ErrorLevel="0" Project="ABC Ed Services" Source="Form1.Designer.cs" Description="File successfully backed up as H:\Archive B Drive\TAfe s2 2008 archive\5MLC\Assessments\Prac Test 1\Prac Test 1 Student files\ABC C# Solution\ABC Ed Services\Backup\Form1.Designer.cs">
</Event><Event ErrorLevel="0" Project="ABC Ed Services" Source="frmBilling.cs" Description="File successfully backed up as H:\Archive B Drive\TAfe s2 2008 archive\5MLC\Assessments\Prac Test 1\Prac Test 1 Student files\ABC C# Solution\ABC Ed Services\Backup\frmBilling.cs">
</Event><Event ErrorLevel="0" Project="ABC Ed Services" Source="frmBilling.Designer.cs" Description="File successfully backed up as H:\Archive B Drive\TAfe s2 2008 archive\5MLC\Assessments\Prac Test 1\Prac Test 1 Student files\ABC C# Solution\ABC Ed Services\Backup\frmBilling.Designer.cs">
</Event><Event ErrorLevel="0" Project="ABC Ed Services" Source="frmCourses.cs" Description="File successfully backed up as H:\Archive B Drive\TAfe s2 2008 archive\5MLC\Assessments\Prac Test 1\Prac Test 1 Student files\ABC C# Solution\ABC Ed Services\Backup\frmCourses.cs">
</Event><Event ErrorLevel="0" Project="ABC Ed Services" Source="frmCourses.Designer.cs" Description="File successfully backed up as H:\Archive B Drive\TAfe s2 2008 archive\5MLC\Assessments\Prac Test 1\Prac Test 1 Student files\ABC C# Solution\ABC Ed Services\Backup\frmCourses.Designer.cs">
</Event><Event ErrorLevel="0" Project="ABC Ed Services" Source="frmEnroll.cs" Description="File successfully backed up as H:\Archive B Drive\TAfe s2 2008 archive\5MLC\Assessments\Prac Test 1\Prac Test 1 Student files\ABC C# Solution\ABC Ed Services\Backup\frmEnroll.cs">
</Event><Event ErrorLevel="0" Project="ABC Ed Services" Source="frmEnroll.Designer.cs" Description="File successfully backed up as H:\Archive B Drive\TAfe s2 2008 archive\5MLC\Assessments\Prac Test 1\Prac Test 1 Student files\ABC C# Solution\ABC Ed Services\Backup\frmEnroll.Designer.cs">
</Event><Event ErrorLevel="0" Project="ABC Ed Services" Source="frmNewCourses.cs" Description="File successfully backed up as H:\Archive B Drive\TAfe s2 2008 archive\5MLC\Assessments\Prac Test 1\Prac Test 1 Student files\ABC C# Solution\ABC Ed Services\Backup\frmNewCourses.cs">
</Event><Event ErrorLevel="0" Project="ABC Ed Services" Source="frmNewCourses.Designer.cs" Description="File successfully backed up as H:\Archive B Drive\TAfe s2 2008 archive\5MLC\Assessments\Prac Test 1\Prac Test 1 Student files\ABC C# Solution\ABC Ed Services\Backup\frmNewCourses.Designer.cs">
</Event><Event ErrorLevel="0" Project="ABC Ed Services" Source="frmNewStudents.cs" Description="File successfully backed up as H:\Archive B Drive\TAfe s2 2008 archive\5MLC\Assessments\Prac Test 1\Prac Test 1 Student files\ABC C# Solution\ABC Ed Services\Backup\frmNewStudents.cs">
</Event><Event ErrorLevel="0" Project="ABC Ed Services" Source="frmNewStudents.Designer.cs" Description="File successfully backed up as H:\Archive B Drive\TAfe s2 2008 archive\5MLC\Assessments\Prac Test 1\Prac Test 1 Student files\ABC C# Solution\ABC Ed Services\Backup\frmNewStudents.Designer.cs">
</Event><Event ErrorLevel="0" Project="ABC Ed Services" Source="frmStudentTT.cs" Description="File successfully backed up as H:\Archive B Drive\TAfe s2 2008 archive\5MLC\Assessments\Prac Test 1\Prac Test 1 Student files\ABC C# Solution\ABC Ed Services\Backup\frmStudentTT.cs">
</Event><Event ErrorLevel="0" Project="ABC Ed Services" Source="frmStudentTT.Designer.cs" Description="File successfully backed up as H:\Archive B Drive\TAfe s2 2008 archive\5MLC\Assessments\Prac Test 1\Prac Test 1 Student files\ABC C# Solution\ABC Ed Services\Backup\frmStudentTT.Designer.cs">
</Event><Event ErrorLevel="0" Project="ABC Ed Services" Source="frmViewEnrollments.cs" Description="File successfully backed up as H:\Archive B Drive\TAfe s2 2008 archive\5MLC\Assessments\Prac Test 1\Prac Test 1 Student files\ABC C# Solution\ABC Ed Services\Backup\frmViewEnrollments.cs">
</Event><Event ErrorLevel="0" Project="ABC Ed Services" Source="frmViewEnrollments.Designer.cs" Description="File successfully backed up as H:\Archive B Drive\TAfe s2 2008 archive\5MLC\Assessments\Prac Test 1\Prac Test 1 Student files\ABC C# Solution\ABC Ed Services\Backup\frmViewEnrollments.Designer.cs">
</Event><Event ErrorLevel="0" Project="ABC Ed Services" Source="Program.cs" Description="File successfully backed up as H:\Archive B Drive\TAfe s2 2008 archive\5MLC\Assessments\Prac Test 1\Prac Test 1 Student files\ABC C# Solution\ABC Ed Services\Backup\Program.cs">
</Event><Event ErrorLevel="0" Project="ABC Ed Services" Source="Properties\AssemblyInfo.cs" Description="File successfully backed up as H:\Archive B Drive\TAfe s2 2008 archive\5MLC\Assessments\Prac Test 1\Prac Test 1 Student files\ABC C# Solution\ABC Ed Services\Backup\Properties\AssemblyInfo.cs">
</Event><Event ErrorLevel="0" Project="ABC Ed Services" Source="Properties\Resources.Designer.cs" Description="File successfully backed up as H:\Archive B Drive\TAfe s2 2008 archive\5MLC\Assessments\Prac Test 1\Prac Test 1 Student files\ABC C# Solution\ABC Ed Services\Backup\Properties\Resources.Designer.cs">
</Event><Event ErrorLevel="0" Project="ABC Ed Services" Source="Properties\Settings.Designer.cs" Description="File successfully backed up as H:\Archive B Drive\TAfe s2 2008 archive\5MLC\Assessments\Prac Test 1\Prac Test 1 Student files\ABC C# Solution\ABC Ed Services\Backup\Properties\Settings.Designer.cs">
</Event><Event ErrorLevel="0" Project="ABC Ed Services" Source="Properties\Settings.settings" Description="File successfully backed up as H:\Archive B Drive\TAfe s2 2008 archive\5MLC\Assessments\Prac Test 1\Prac Test 1 Student files\ABC C# Solution\ABC Ed Services\Backup\Properties\Settings.settings">
</Event><Event ErrorLevel="0" Project="ABC Ed Services" Source="Form1.resx" Description="File successfully backed up as H:\Archive B Drive\TAfe s2 2008 archive\5MLC\Assessments\Prac Test 1\Prac Test 1 Student files\ABC C# Solution\ABC Ed Services\Backup\Form1.resx">
</Event><Event ErrorLevel="0" Project="ABC Ed Services" Source="frmBilling.resx" Description="File successfully backed up as H:\Archive B Drive\TAfe s2 2008 archive\5MLC\Assessments\Prac Test 1\Prac Test 1 Student files\ABC C# Solution\ABC Ed Services\Backup\frmBilling.resx">
</Event><Event ErrorLevel="0" Project="ABC Ed Services" Source="frmCourses.resx" Description="File successfully backed up as H:\Archive B Drive\TAfe s2 2008 archive\5MLC\Assessments\Prac Test 1\Prac Test 1 Student files\ABC C# Solution\ABC Ed Services\Backup\frmCourses.resx">
</Event><Event ErrorLevel="0" Project="ABC Ed Services" Source="frmEnroll.resx" Description="File successfully backed up as H:\Archive B Drive\TAfe s2 2008 archive\5MLC\Assessments\Prac Test 1\Prac Test 1 Student files\ABC C# Solution\ABC Ed Services\Backup\frmEnroll.resx">
</Event><Event ErrorLevel="0" Project="ABC Ed Services" Source="frmNewCourses.resx" Description="File successfully backed up as H:\Archive B Drive\TAfe s2 2008 archive\5MLC\Assessments\Prac Test 1\Prac Test 1 Student files\ABC C# Solution\ABC Ed Services\Backup\frmNewCourses.resx">
</Event><Event ErrorLevel="0" Project="ABC Ed Services" Source="frmNewStudents.resx" Description="File successfully backed up as H:\Archive B Drive\TAfe s2 2008 archive\5MLC\Assessments\Prac Test 1\Prac Test 1 Student files\ABC C# Solution\ABC Ed Services\Backup\frmNewStudents.resx">
</Event><Event ErrorLevel="0" Project="ABC Ed Services" Source="frmStudentTT.resx" Description="File successfully backed up as H:\Archive B Drive\TAfe s2 2008 archive\5MLC\Assessments\Prac Test 1\Prac Test 1 Student files\ABC C# Solution\ABC Ed Services\Backup\frmStudentTT.resx">
</Event><Event ErrorLevel="0" Project="ABC Ed Services" Source="frmViewEnrollments.resx" Description="File successfully backed up as H:\Archive B Drive\TAfe s2 2008 archive\5MLC\Assessments\Prac Test 1\Prac Test 1 Student files\ABC C# Solution\ABC Ed Services\Backup\frmViewEnrollments.resx">
</Event><Event ErrorLevel="0" Project="ABC Ed Services" Source="Properties\Resources.resx" Description="File successfully backed up as H:\Archive B Drive\TAfe s2 2008 archive\5MLC\Assessments\Prac Test 1\Prac Test 1 Student files\ABC C# Solution\ABC Ed Services\Backup\Properties\Resources.resx">
</Event><Event ErrorLevel="0" Project="ABC Ed Services" Source="ABC Ed Services.csproj" Description="Project converted successfully">
</Event><Event ErrorLevel="3" Project="ABC Ed Services" Source="ABC Ed Services.csproj" Description="Converted">
</Event><Event ErrorLevel="0" Project="" Source="ABC Ed Services.sln" Description="Solution converted successfully">
</Event><Event ErrorLevel="3" Project="" Source="ABC Ed Services.sln" Description="Converted">
</Event><Event ErrorLevel="0" Project="ABC Ed Services" Source="ABC Ed Services.csproj" Description="Scan complete: Upgrade not required for project files.">
</Event></UpgradeLog>