<?xml version="1.0" encoding="UTF-8"?>
<project-private xmlns="http://www.netbeans.org/ns/project-private/1">
    <editor-bookmarks xmlns="http://www.netbeans.org/ns/editor-bookmarks/2" lastBookmarkId="0"/>
    <open-files xmlns="http://www.netbeans.org/ns/projectui-open-files/2">
        <group>
            <file>file:/H:/SEMESTER%202/5JAW/Session1/Week1Project/src/java/InfoServlet.java</file>
            <file>file:/H:/SEMESTER%202/5JAW/Session1/Week1Project/web/Session02Lab03.html</file>
            <file>file:/H:/SEMESTER%202/5JAW/Session1/Week1Project/src/java/web/WelcomeServlet.java</file>
            <file>file:/H:/SEMESTER%202/5JAW/Session1/Week1Project/src/java/s2/Student.java</file>
            <file>file:/H:/SEMESTER%202/5JAW/Session1/Week1Project/web/index.html</file>
            <file>file:/H:/SEMESTER%202/5JAW/Session1/Week1Project/src/java/s2/ListServlet.java</file>
            <file>file:/H:/SEMESTER%202/5JAW/Session1/Week1Project/src/java/s2/ModifyControllerServlet.java</file>
            <file>file:/H:/SEMESTER%202/5JAW/Session1/Week1Project/src/java/s2/RegistrationControllerServlet.java</file>
            <file>file:/H:/SEMESTER%202/5JAW/Session1/Week1Project/src/java/s2/RedirectServlet.java</file>
            <file>file:/H:/SEMESTER%202/5JAW/Session1/Week1Project/web/Registration.html</file>
            <file>file:/H:/SEMESTER%202/5JAW/Session1/Week1Project/src/java/s2/SubsController.java</file>
            <file>file:/H:/SEMESTER%202/5JAW/Session1/Week1Project/web/main.html</file>
            <file>file:/H:/SEMESTER%202/5JAW/Session1/Week1Project/web/Modify.html</file>
            <file>file:/H:/SEMESTER%202/5JAW/Session1/Week1Project/web/StudentServices.html</file>
        </group>
    </open-files>
</project-private>
